measure_id,channel,tenure_band,draft_subject,draft_body,review_status,lint_flags,expected_weighted_value
CBP,digital,longtime,"A quick, covered check-in for you","Hi [FIRST_NAME], thank you for being with [PLAN_NAME] for so many years. A quick blood pressure check is a routine benefit for eligible members, and it's covered at no extra cost. You can get one with your care team or at a local pharmacy. Call [CLINIC_PHONE] to get started.",pending_review,,1.0
CBP,digital,longtime,"A quick, covered check-in for you","Hi [FIRST_NAME], thank you for being with [PLAN_NAME] for so many years. A quick blood pressure check is a routine benefit for eligible members, and it's covered at no extra cost. You can get one with your care team or at a local pharmacy. Call [CLINIC_PHONE] to get started.",pending_review,,1.0
COL,digital,longtime,A routine benefit available to you,"Hi [FIRST_NAME], thank you for being a long-time member of [PLAN_NAME]. A colorectal cancer screening is a routine benefit we cover at no extra cost for eligible members, with easy options like a simple at-home test. Call [CLINIC_PHONE] to choose the option that works best for you.",pending_review,,1.0
COL,digital,longtime,A routine benefit available to you,"Hi [FIRST_NAME], thank you for being a long-time member of [PLAN_NAME]. A colorectal cancer screening is a routine benefit we cover at no extra cost for eligible members, with easy options like a simple at-home test. Call [CLINIC_PHONE] to choose the option that works best for you.",pending_review,,1.0
EED,digital,longtime,Time to schedule your yearly eye exam,"Hi [FIRST_NAME], thank you for being part of [PLAN_NAME] for so many years. A yearly eye exam is a routine benefit, and your plan covers it at no extra cost. Call [CLINIC_PHONE] to schedule your covered eye exam today.",pending_review,,1.0
EED,digital,longtime,Time to schedule your yearly eye exam,"Hi [FIRST_NAME], thank you for being part of [PLAN_NAME] for so many years. A yearly eye exam is a routine benefit, and your plan covers it at no extra cost. Call [CLINIC_PHONE] to schedule your covered eye exam today.",pending_review,,0.8807
GSD,digital,longtime,"A quick, covered lab test is available to you","Hi [FIRST_NAME], thank you for being a [PLAN_NAME] member for so many years. A routine blood draw is a covered benefit for eligible members at no extra cost. It's quick, and it helps your own doctor keep up with your overall health. Call [CLINIC_PHONE] to set up your lab test.",pending_review,,0.8807
GSD,digital,longtime,"A quick, covered lab test is available to you","Hi [FIRST_NAME], thank you for being a [PLAN_NAME] member for so many years. A routine blood draw is a covered benefit for eligible members at no extra cost. It's quick, and it helps your own doctor keep up with your overall health. Call [CLINIC_PHONE] to set up your lab test.",pending_review,,0.8807
MAD,digital,longtime,Refills made easy with [PLAN_NAME],"Hi [FIRST_NAME], thank you for being part of [PLAN_NAME] all these years. If you take regular prescriptions, we make refills easy with 90-day supplies and free mail delivery. You can refill today or set up automatic refills so they arrive on time. Need help getting started? Just call [CLINIC_PHONE].",pending_review,,2.6422
MAD,digital,longtime,Refills made easy with [PLAN_NAME],"Hi [FIRST_NAME], thank you for being part of [PLAN_NAME] all these years. If you take regular prescriptions, we make refills easy with 90-day supplies and free mail delivery. You can refill today or set up automatic refills so they arrive on time. Need help getting started? Just call [CLINIC_PHONE].",pending_review,,2.6422
