member_id,measure_id,measurement_year,gap_status,due_date
M00000001,EED,2026,closed,2026-12-31
M00000001,MAD,2026,open,2026-12-31
M00000004,MAD,2026,open,2026-12-31
M00000004,EED,2026,closed,2026-12-31
M00000004,CBP,2026,open,2026-12-31
M00000005,MAD,2026,open,2026-12-31
M00000005,CBP,2026,open,2026-12-31
M00000005,EED,2026,closed,2026-12-31
M00000006,CBP,2026,closed,2026-12-31
M00000006,EED,2026,closed,2026-12-31
M00000006,MAD,2026,open,2026-12-31
M00000007,MAD,2026,closed,2026-12-31
M00000007,EED,2026,open,2026-12-31
M00000008,EED,2026,open,2026-12-31
M00000008,MAD,2026,closed,2026-12-31
