member_id,contract_id,measure_id,star_weight,propensity,expected_weighted_value
M00012433,H1234,MAD,3,0.8807,2.6422
M00062066,H5678,MAD,3,0.8807,2.6422
M00010226,H5678,MAD,3,0.8807,2.6422
M00058154,H1234,MAD,3,0.8807,2.6422
M00008358,H1234,MAD,3,0.8095,2.4286
M00036125,H9012,MAD,3,0.8095,2.4286
M00020880,H1234,MAD,3,0.8095,2.4286
M00087357,H1234,MAD,3,0.8095,2.4286
M00061022,H1234,MAD,3,0.8095,2.4286
M00047146,H1234,MAD,3,0.8095,2.4286
M00075709,H1234,MAD,3,0.8095,2.4286
M00064053,H9012,MAD,3,0.8095,2.4286
M00004187,H1234,MAD,3,0.8095,2.4286
M00092362,H1234,MAD,3,0.8095,2.4286
M00046065,H5678,MAD,3,0.8095,2.4286
M00055441,H9012,MAD,3,0.8095,2.4286
M00057526,H1234,MAD,3,0.8095,2.4286
M00095064,H1234,MAD,3,0.8,2.4
M00061303,H5678,MAD,3,0.7576,2.2727
M00034277,H5678,MAD,3,0.7576,2.2727
M00041881,H9012,MAD,3,0.7576,2.2727
M00019658,H1234,MAD,3,0.7576,2.2727
M00069478,H5678,MAD,3,0.7576,2.2727
M00064180,H5678,MAD,3,0.7576,2.2727
M00011599,H5678,MAD,3,0.7576,2.2727
