level,object,column,tag_key,tag_value
catalog,zrb_fe_bar_uhc_stars_catalog,,gov_data_domain,clinical
schema,bronze,,gov_data_domain,raw
schema,bronze,,fs_tier,bronze
schema,gold,,gov_data_domain,analytics
schema,gold,,fs_tier,gold
schema,governance,,gov_data_domain,analytics
schema,silver,,fs_tier,silver
schema,silver,,gov_data_domain,clinical
table,governance.care_gaps,,system.certification_status,certified
table,governance.member_labs,,system.certification_status,certified
column,bronze.lab_results,result_value,care_gap_data_class,clinical
column,bronze.lab_results,result_value,sensitivity,pii
column,governance.care_gaps,age,care_gap_data_class,demographic
column,governance.care_gaps,age,sensitivity,pii
column,governance.care_gaps,age,class.age,
column,governance.care_gaps,birth_date,sensitivity,pii
column,governance.care_gaps,birth_date,class.date_of_birth,
column,governance.care_gaps,birth_date,care_gap_data_class,demographic
column,governance.care_gaps,county,sensitivity,pii
column,governance.care_gaps,county,class.location,
column,governance.care_gaps,county,care_gap_data_class,quasi_identifier
column,governance.care_gaps,dual_eligible,care_gap_data_class,socioeconomic
column,governance.care_gaps,dual_eligible,sensitivity,pii
column,governance.care_gaps,gap_status,care_gap_data_class,clinical
column,governance.care_gaps,gap_status,sensitivity,pii
column,governance.care_gaps,member_id,sensitivity,pii
column,governance.care_gaps,member_id,care_gap_data_class,direct_identifier
column,governance.member_labs,member_id,care_gap_data_class,direct_identifier
column,governance.member_labs,member_id,sensitivity,pii
column,governance.member_labs,result_value,sensitivity,pii
column,governance.member_labs,result_value,care_gap_data_class,clinical
column,silver.members,birth_date,care_gap_data_class,demographic
column,silver.members,birth_date,class.date_of_birth,
column,silver.members,birth_date,sensitivity,pii
column,silver.members,dual_eligible,sensitivity,pii
column,silver.members,dual_eligible,care_gap_data_class,socioeconomic
column,silver.members,member_id,sensitivity,pii
column,silver.members,member_id,care_gap_data_class,direct_identifier
