member_id,open_gap_count,lead_measure,lead_measure_model,lead_fallback_applied,lead_confidence,lead_probabilities,bundle_decision,bundle_confidence,bundle_probabilities
M00075709,4,MAD,MAD,false,0.94,"{""CBP"":0,""COL"":0.02,""EED"":0.02,""GSD"":0,""MAD"":0.96}",bundle,0.46,"{""bundle"":0.73,""single"":0.27}"
M00060167,4,MAD,MAD,false,0.92,"{""CBP"":0,""COL"":0.03,""EED"":0.02,""GSD"":0.01,""MAD"":0.94}",bundle,0.46,"{""bundle"":0.73,""single"":0.27}"
M00060044,4,MAD,MAD,false,0.42,"{""CBP"":0,""COL"":0.01,""EED"":0.03,""GSD"":0.42,""MAD"":0.54}",bundle,0.35,"{""bundle"":0.68,""single"":0.32}"
M00063783,4,MAD,MAD,false,0.91,"{""CBP"":0.01,""COL"":0.03,""EED"":0.02,""GSD"":0.01,""MAD"":0.93}",bundle,0.46,"{""bundle"":0.73,""single"":0.27}"
M00074936,5,MAD,MAD,false,0.94,"{""CBP"":0.01,""COL"":0,""EED"":0.03,""GSD"":0.01,""MAD"":0.95}",single,0.59,"{""bundle"":0.2,""single"":0.8}"
M00083142,5,MAD,MAD,false,0.94,"{""CBP"":0,""COL"":0.01,""EED"":0.03,""GSD"":0.01,""MAD"":0.95}",bundle,0.5,"{""bundle"":0.75,""single"":0.25}"
M00025645,5,MAD,MAD,false,0.94,"{""CBP"":0,""COL"":0.01,""EED"":0.03,""GSD"":0.01,""MAD"":0.95}",bundle,0.55,"{""bundle"":0.78,""single"":0.22}"
M00083345,4,MAD,MAD,false,0.92,"{""CBP"":0,""COL"":0.03,""EED"":0.02,""GSD"":0.01,""MAD"":0.94}",bundle,0.35,"{""bundle"":0.68,""single"":0.32}"
M00032184,4,MAD,MAD,false,0.94,"{""CBP"":0,""COL"":0.02,""EED"":0.02,""GSD"":0,""MAD"":0.96}",bundle,0.46,"{""bundle"":0.73,""single"":0.27}"
M00034694,4,MAD,MAD,false,0.91,"{""CBP"":0.02,""COL"":0,""EED"":0.04,""GSD"":0.01,""MAD"":0.93}",bundle,0.5,"{""bundle"":0.75,""single"":0.25}"
M00068991,4,MAD,MAD,false,0.94,"{""CBP"":0,""COL"":0.02,""EED"":0.02,""GSD"":0.01,""MAD"":0.95}",bundle,0.35,"{""bundle"":0.68,""single"":0.32}"
M00058850,4,MAD,MAD,false,0.93,"{""CBP"":0.01,""COL"":0,""EED"":0.03,""GSD"":0.01,""MAD"":0.95}",bundle,0.35,"{""bundle"":0.68,""single"":0.32}"
M00077315,4,MAD,MAD,false,0.9,"{""CBP"":0.02,""COL"":0,""EED"":0.04,""GSD"":0.01,""MAD"":0.93}",bundle,0.46,"{""bundle"":0.73,""single"":0.27}"
M00060981,4,MAD,MAD,false,0.94,"{""CBP"":0,""COL"":0.02,""EED"":0.02,""GSD"":0,""MAD"":0.96}",bundle,0.46,"{""bundle"":0.73,""single"":0.27}"
M00057623,4,MAD,MAD,false,0.94,"{""CBP"":0,""COL"":0.02,""EED"":0.02,""GSD"":0,""MAD"":0.96}",bundle,0.35,"{""bundle"":0.68,""single"":0.32}"
